"Theme","Index","Article","Author","Venue","Date","Method","Dataset","Metric","Novelty","Result","Link","Code","Baselines","Models","Others","Evaluation Methods","Pillar","Command_freeform","Real_time","Multi_agent","Budget_aware","Executor_type"
"1. Free-form / abstract command","1","Complex Instruction Following with Diverse Style Policies in Football Games (LCDSP)","Chenglu Sun et al.","AAAI 2026","2025-11-25","Diverse Style Training modulates behaviour via continuous style params; a Style Interpreter maps free-form language to those params","5v5 football game env","—","Language-controlled RL that follows abstract tactical STYLES ('prioritize defence, counterattack'), not just task outcomes","—","https://arxiv.org/abs/2511.19885","—","—","—","Closest analogue to abstract intent ('focus on defense') in a real-time multi-agent team game","Experiments in 5v5 football: abstract-instruction comprehension + diverse-style execution","Command","yes","yes","yes","no","game-units"
"1. Free-form / abstract command","2","Adaptive Command: Real-Time Policy Adjustment via Language Models in StarCraft II","Weiyu Ma et al.","arXiv / ICDAI 2024","2025-08-05","LLM strategic advisor + behaviour tree for execution + NL/speech interface to adjust SC2 strategy in real time","StarCraft II","User-study decision quality / adaptability","Real-time language-driven COACH-MODE adjustment of an RTS policy; LLM reasons, behaviour tree executes","— (significant gains reported; no numbers in abstract)","https://arxiv.org/abs/2508.16580","—","—","LLM + behaviour trees (LLM unspecified)","Most direct precedent — NL real-time command of an SC2 policy","User studies of human-AI real-time SC2 decision-making","Command","yes","yes","yes","no","game-units"
"1. Free-form / abstract command","3","Natural Language-conditioned RL with Inside-out Task Language Development and Translation (TALAR)","Jing-Cheng Pang et al. (Nanjing Univ.)","NeurIPS 2023","2023-02-18","Learn a predicate-based intermediate 'task language'; a translator maps free-form NL into it, decoupling comprehension from policy","—","Success rate; adaptability to unseen NL","Compact task-language intermediate improves instruction-following + generalization to novel phrasings","~13.4% success-rate improvement over baselines","https://arxiv.org/abs/2302.09368","—","— (unnamed)","Predicate-based task language (TALAR)","Robustly grounding varied free-form phrasings into agent goals","RL experiments: success + generalization to unseen instructions","Command","yes","no","no","no","other"
"1. Free-form / abstract command","4","Building Open-Ended Embodied Agent via Language-Policy Bidirectional Adaptation (OpenPAL)","Shaopeng Zhai et al.","arXiv","2023-12-12","Two-stage co-training: fine-tune LLM to map free-form instructions to goals + goal-conditioned policy; align via bidirectional adaptation","'Contra' open-ended FPS game","—","Instruction open-endedness: comprehends ARBITRARY free-form instructions (not a fixed set)","— (no numbers in abstract)","https://arxiv.org/abs/2401.00006","—","—","LLM (instruction->goal) + goal-conditioned RL policy","Open-vocabulary instruction->goal in a real-time game","Tested in Contra FPS for comprehension + execution efficiency","Command","yes","yes","no","no","game-units"
"1. Free-form / abstract command","5","Scaling Instructable Agents Across Many Simulated Worlds (SIMA)","SIMA Team, Google DeepMind (90+ authors)","arXiv","2024-03-13","Train embodied agents to follow free-form language across many 3D worlds via a human-like interface (image+language in, keyboard/mouse out)","Research 3D envs + multiple commercial games","—","Single agent grounds ARBITRARY language to perception+action across many 3D games","— (preliminary; no headline numbers)","https://arxiv.org/abs/2404.10179","—","—","—","Open-vocab real-time instruction following in commercial games — the interface paradigm we envision","Real-time interaction across many 3D games via human-like I/O","Command","yes","yes","no","no","game-units"
"1. Free-form / abstract command","6","STEVE-1: A Generative Model for Text-to-Behavior in Minecraft","Shalev Lifshitz et al. (Toronto / Vector)","NeurIPS 2023","2023-06-01","Instruction-tune VPT to follow commands in MineCLIP latent space, then train a text->latent prior; self-supervised BC + hindsight relabeling","Minecraft (MineCLIP early-game suite)","Task completion rate","Instruction-tunes a generative behaviour model to follow open-ended text without large instruction-labeled trajectories (~$60 compute)","Completes 12/13 early-game tasks; far outperforms prior baselines","https://arxiv.org/abs/2306.00937","https://github.com/Shalev-Lifshitz/STEVE-1","— (prior Minecraft instruction-following)","VPT backbone + MineCLIP","Open-ended text->low-level keyboard/mouse behaviour from raw pixels","Early-game task-completion suite, low-level controls, pixel inputs","Executor","yes","no","no","yes","game-units"
"1. Free-form / abstract command","7","Grounding Natural Language Commands to StarCraft II Game States for Narration-Guided RL","Nicholas Waytowich et al. (US Army Research Lab)","SPIE 2019","2019-06-06","Learn a mutual-embedding projecting NL commands + SC2 goal-states into a shared space; 'narration' indicates sub-goals to densify reward","StarCraft II (PySC2 / SC2LE)","—","Early demo of embedding free-form NL commands with high-dim RTS game states to guide RL under sparse reward","—","https://arxiv.org/abs/1906.02671","—","—","Deep mutual-embedding (state + language encoders)","Earliest precedent for grounding NL commands in SC2 for RL","Embedding-based grounding used for narration-guided rewards in SC2","Command","yes","no","yes","no","game-units"
"2. Action models / LLM-steered actions","8","RT-2: Vision-Language-Action Models Transfer Web Knowledge to Robotic Control","Anthony Brohan et al. (Google DeepMind)","CoRL 2023","2023-07-28","Co-fine-tune a VLM on robot trajectories + web VQA; emit robot actions as text tokens from the same AR head (token-as-action)","Robot trajectories + internet vision-language","Success; generalization over 6,000 trials","Single VLA folding action tokens into the language vocab; transfers web knowledge to closed-loop control","6,000 trials; improved generalization + unseen-command interpretation (exact numbers not on abstract)","https://arxiv.org/abs/2307.15818","— (robotics-transformer2.github.io)","—","PaLI-X / PaLM-E","Canonical token-as-action VLA — encoding commands as action tokens","Real-robot trials: generalization, semantic + multi-stage reasoning","Executor","yes","no","no","no","robot"
"2. Action models / LLM-steered actions","9","Do As I Can, Not As I Say: Grounding Language in Robotic Affordances (SayCan)","Michael Ahn et al. (Google / Everyday Robots)","CoRL 2022","2022-04-04","LLM scores candidate skills for usefulness; a value function scores affordance (feasibility); product picks the next skill","101 real kitchen tasks; long-horizon abstract instructions","Task / plan success rate","Constrains LLM proposals to executable, feasible actions (LLM x affordance); LLM as high-level selector over a fixed skill set","Affordance grounding ~doubles performance vs non-grounded (exact numbers not on abstract)","https://arxiv.org/abs/2204.01691","— (say-can.github.io)","Non-grounded LLM baseline","LLMs incl. PaLM","Cleanest template: abstract intent ('focus on defense') -> constrained high-level skill selection","Real-robot execution of long-horizon NL instructions","Executor","yes","no","no","no","robot"
"2. Action models / LLM-steered actions","10","Code as Policies: Language Model Programs for Embodied Control","Jacky Liang et al. (Google Robotics)","ICRA 2023","2022-09-16","Prompt a code LLM to write Python policy code (loops, conditionals, API calls) from NL; hierarchical code-gen defines new functions on the fly","HumanEval; robot manipulation/navigation/drawing demos","HumanEval pass rate; task success","Code-as-action: the LLM output is an executable program over an API; generalization, interpretability, reactive logic without extra training","39.8% on HumanEval; working reactive + waypoint policies on multiple robots","https://arxiv.org/abs/2209.07753","— (code-as-policies.github.io)","—","GPT-3 / Codex (per project)","'LLM emits programs/API calls as actions' — apt for structured macro-commands to crowds","HumanEval + real/sim robot task demos","Executor","yes","no","no","no","robot"
"2. Action models / LLM-steered actions","11","OpenVLA: An Open-Source Vision-Language-Action Model","Moo Jin Kim et al. (Stanford)","CoRL 2024","2024-06-13","7B VLA = Llama 2 + fused DINOv2/SigLIP; predicts discretized action tokens autoregressively; LoRA fine-tuning","Open X-Embodiment; 970k real robot demos","Task success across 29 tasks / embodiments","Open, efficiently fine-tunable token-as-action VLA beating much larger closed models with 7x fewer params","+16.5% abs success over RT-2-X (55B) on 29 tasks; +20.4% over Diffusion Policy; 7x fewer params","https://arxiv.org/abs/2406.09246","— (openvla.github.io; HF checkpoints)","RT-2-X (55B); Diffusion Policy","Llama 2 + DINOv2 + SigLIP","Open reference token-emitting LLM controller; recipe transfers to a game action space","Multi-embodiment real-robot success across 29 tasks","Executor","yes","no","no","yes","robot"
"2. Action models / LLM-steered actions","12","Octo: An Open-Source Generalist Robot Policy","Octo Model Team (Dibya Ghosh et al.)","RSS 2024","2024-05-20","Transformer diffusion policy conditioned on language OR goal images; flexible task/observation tokens; finetunes to new sensors/actions","Open X-Embodiment (800k trajectories)","Success across 9 platforms","Open generalist policy with a DIFFUSION action head (not token-as-action) + modular conditioning","Evaluated on 9 platforms; finetunes in hours on consumer GPUs (no numeric scores on abstract)","https://arxiv.org/abs/2405.12213","— (octo-models.github.io)","—","Transformer + diffusion action decoder","Contrast point: continuous/diffusion action head vs token-as-action for the executor","Real-robot finetune + success on 9 platforms; ablations","Executor","yes","no","no","no","robot"
"2. Action models / LLM-steered actions","13","pi0: A Vision-Language-Action Flow Model for General Robot Control","Kevin Black et al. (Physical Intelligence)","RSS 2025","2024-10-31","Flow-matching 'action expert' on a pretrained VLM; iteratively denoises action chunks into continuous high-frequency (up to 50 Hz) actions","Large multi-platform robot dataset","Zero-shot / instruction-following / post-finetune success","Flow-matching action expert on a VLM: continuous high-frequency control keeping internet-scale semantics","Demonstrates laundry folding, table bussing, box assembly; beats baselines (numbers not on abstract)","https://arxiv.org/abs/2410.24164","— (physicalintelligence.company)","—","PaliGemma-based VLM + flow-matching expert","The 'action expert bolted to an LLM/VLM' pattern; real-time execution under latency","Real-robot zero-shot + finetuned dexterous tasks","Executor","yes","yes","no","no","robot"
"2. Action models / LLM-steered actions","14","FAST: Efficient Action Tokenization for Vision-Language-Action Models","Karl Pertsch et al. (Physical Intelligence)","RSS 2025","2025-01-16","Compress action chunks with a DCT then byte-pair-encode them (frequency-space tokenization); release universal tokenizer FAST+","10,000 h robot data; FAST+ on 1M trajectories","Training time; success vs diffusion VLAs","Frequency-space action tokenization fixes lossy per-dim/per-step binning, letting AR VLAs match diffusion VLAs","Trains up to 5x faster than diffusion VLAs while matching performance at scale","https://arxiv.org/abs/2501.09747","— (pi.website/research/fast)","Diffusion VLAs; naive binning tokenizers","pi0 backbone","Directly about HOW to discretize a continuous action space into LLM tokens — key for a token-emitting commander","Training-efficiency + success vs diffusion VLAs","Executor","na","na","no","yes","robot"
"2. Action models / LLM-steered actions","15","Fast-in-Slow: A Dual-System Foundation Model Unifying Fast Manipulation within Slow Reasoning","Hao Chen et al.","arXiv (under review)","2025-06-02","Embed a fast System-1 executor inside a VLM System-2 reasoner via partial parameter sharing; asynchronous frequencies (1:4), dual-aware co-training","—","Avg success rate; control freq (Hz)","Single model unifying slow reasoning + fast control (vs two models); executor reuses the LLM's latent conditions","117.7 Hz on RTX 4090 (chunk 8); +8% sim and +11% real success over prior SOTA","https://arxiv.org/abs/2506.01953","—","Prior dual-system / VLA methods","Shared-parameter VLM (System-1/2)","Dual-system fast/slow = the latency-vs-reasoning trade-off central to real-time crowd command","Sim + real manipulation success + control-frequency benchmarking","Executor","yes","yes","no","yes","robot"
"2. Action models / LLM-steered actions","16","CombatVLA: An Efficient VLA Model for Combat Tasks in 3D Action Role-Playing Games","Peng Chen et al.","ICCV 2025","2025-03-12","3B VLA trained on video-action pairs as 'action-of-thought' (AoT) sequences; truncated-AoT for fast inference in real-time combat","Video-action pairs (action tracker) + a combat-understanding benchmark","Combat-understanding score; success; inference speed","VLA specialized for real-time game combat via action-of-thought reasoning + truncation for second-level latency","50x acceleration; success exceeding human players; outperforms all existing models on the combat benchmark","https://arxiv.org/abs/2503.09527","—","'All existing models' (not named)","3B VLA (backbone unspecified)","Closest prior art — a VLA acting in a real-time game under latency (single-agent, not crowd command)","Combat-understanding benchmark + in-game success + speed","Executor","na","yes","no","yes","game-units"
"2. Action models / LLM-steered actions","17","Divide and Conquer: Grounding LLMs as Efficient Decision-Making Agents via Offline Hierarchical RL (GLIDER)","Zican Hu et al.","ICML 2025","2025-05-26","Two-layer hierarchy: high-level LLM emits chain-of-thought sub-task goals; low-level controller executes primitives; trained with offline hierarchical RL","ScienceWorld; ALFWorld","Task success / generalization","Grounds an LLM as a high-level decision-maker by decomposing into coherent sub-tasks supervising a low-level controller","— (consistent gains; no numbers on abstract)","https://arxiv.org/abs/2505.19761","—","—","LLMs (backbone unspecified)","Hierarchical LLM-sets-goals / policy-executes -> maps to a commander LLM steering unit policies","Agent benchmarks (ScienceWorld, ALFWorld)","Executor","na","no","no","no","other"
"3. Language-conditioned RL","18","BabyAI: A Platform to Study the Sample Efficiency of Grounded Language Learning","Maxime Chevalier-Boisvert, Dzmitry Bahdanau et al. (Mila)","ICLR 2019","2018-10-18","Gridworld + heuristic bot expert for instruction-following RL/IL; agent gets state + synthetic-language instruction","BabyAI platform — 19 levels, compositional English subset","Sample efficiency (demos/steps to threshold)","Controlled, extensible benchmark for the sample efficiency of grounded language learning, with a built-in expert","— (shows deep methods not yet sample-efficient; numbers not in abstract)","https://arxiv.org/abs/1810.08272","https://github.com/mila-iqia/babyai","— (RL + IL baselines)","CNN + GRU / FiLM instruction conditioning","Canonical testbed for the concrete-order side of NL command following; close to a command-arena warm-up","Per-level success vs amount of supervision; curriculum","Dataset","no","no","no","no","other"
"3. Language-conditioned RL","19","Language as an Abstraction for Hierarchical Deep Reinforcement Learning","Yiding Jiang et al. (Stanford / Google Brain; Chelsea Finn)","NeurIPS 2019","2019-06-18","High-level policy issues NL instructions as subgoals to a language-conditioned low-level policy; language's compositionality is the abstraction layer","Custom MuJoCo + CLEVR object-interaction (from pixels)","Task success; compositional generalization","SEMINAL: language as a compositional abstraction between high- and low-level policies -> combinatorial generalization","— (superior systematic generalization vs non-compositional; no single number)","https://arxiv.org/abs/1906.07343","—","Non-compositional abstraction, equal supervision","Neural high-/low-level policies","Seminal grounding for the two-tier design: abstract command on top, unit policies below","Task-performance + compositional-generalization study","Executor","yes","no","no","no","other"
"3. Language-conditioned RL","20","Grounding Large Language Models in Interactive Environments with Online RL (GLAM)","Thomas Carta, Clement Romac et al. (Inria Flowers / HF; Oudeyer)","ICML 2023","2023-02-06","Use an LLM directly as the action policy; update it with online RL (PPO) through environment interaction to functionally ground its knowledge","BabyAI-Text (textual BabyAI) — spatial / navigation","Sample efficiency; generalization","An LLM can be turned into a grounded interactive agent via online RL, improving sample efficiency + generalization","— (positive results; no numbers in abstract)","https://arxiv.org/abs/2302.02662","https://github.com/flowersteam/Grounding_LLMs_with_online_RL","Non-grounded LLM use; non-pretrained RL","FLAN-T5 (multiple sizes)","On-point recipe to make an LLM command-follower learn by acting — template for LLM-as-commander policy","Online RL in textual env; sample efficiency + generalization","Executor","no","no","no","no","other"
"3. Language-conditioned RL","21","Eureka: Human-Level Reward Design via Coding Large Language Models","Yecheng Jason Ma et al. (UPenn / NVIDIA)","ICLR 2024","2023-10-19","GPT-4 evolutionary search over executable reward-function code from env source + task description, with reflective improvement","29 RL envs, 10 robot morphologies (Isaac Gym); Shadow Hand pen-spinning","% tasks beating human rewards; normalized improvement","LLMs can author reward functions surpassing human experts; gradient-free in-context RLHF folds in NL feedback","Outperforms human-designed rewards on 83% of tasks; ~52% avg normalized improvement","https://arxiv.org/abs/2310.12931","https://github.com/eureka-research/Eureka","Human expert-engineered rewards","GPT-4","Route from abstract language intent ('be aggressive') to executable reward signals","Train RL on generated rewards; compare to human rewards across 29 tasks","Executor","no","no","no","no","reward"
"3. Language-conditioned RL","22","Text2Reward: Reward Shaping with Language Models for RL","Tianbao Xie, Siheng Zhao et al. (HKU / XLANG)","ICLR 2024 (Spotlight)","2023-09-20","Data-free: prompt an LLM to generate dense interpretable reward code over a compact env representation, with iterative human-feedback refinement","ManiSkill2, MetaWorld, MuJoCo — 17 tasks","Success rate; convergence; real-robot","Generates interpretable DENSE shaped rewards (not sparse) from language, refinable via human feedback, sim-to-real","Matches/beats human-oracle reward on 13/17 manipulation tasks; 6 novel locomotion behaviours at >94% success","https://arxiv.org/abs/2309.11489","https://github.com/xlang-ai/text2reward","Human-oracle reward code","LLM (GPT-4)","Language -> dense reward with human-in-the-loop; coach-mode intent shaping behaviour","Train RL (PPO/SAC) on generated rewards; success vs oracle; sim-to-real","Executor","no","no","no","no","reward"
"3. Language-conditioned RL","23","Benchmarking the Spectrum of Agent Capabilities (Crafter)","Danijar Hafner (Toronto / Google Brain)","ICLR 2022","2021-09-14","Crafter: a fast procedurally-generated 2D open-world survival game scoring 22 semantic achievements in one env","Crafter (open-world survival, visual)","Crafter 'score' (achievement-unlock rates); reward","Consolidates many general abilities (exploration, long-horizon, generalization) into one efficient benchmark","— (baseline scores for reward + unsupervised agents; numbers not in abstract)","https://arxiv.org/abs/2109.06780","https://github.com/danijar/crafter","PPO/Rainbow; unsupervised agents","Deep RL (CNN)","Lightweight open-ended RL benchmark on the complexity ladder; prototyping before SC2","Train within a step budget; achievement-based score","Dataset","no","no","no","no","other"
"3. Language-conditioned RL","24","Language Grounded Multi-agent RL with Human-interpretable Communication (LangGround)","Huao Li et al. (Univ. Pittsburgh; Honda RI; CMU - Katia Sycara)","NeurIPS 2024","2024-09-25","Align MARL agents' learned communication with a human-language embedding space by grounding messages on synthetic data from embodied LLM agents","— (multi-agent cooperative teamwork)","Task performance; comm emergence; zero-shot teammates","Makes emergent MARL communication human-interpretable while accelerating emergence + ad-hoc teamwork","— (improves interpretability + zero-shot ad-hoc teamwork; no numbers in abstract)","https://arxiv.org/abs/2409.17348","https://github.com/romanlee6/langground","Standard emergent-comm MARL","MARL + comm; embodied LLMs for grounding","Multi-agent coordination via human language — the 'command crowds' core, interpretable for a human commander","Train language-grounded MARL; compare to emergent-comm; zero-shot unseen teammates","Coordination","na","no","yes","no","other"
"3. Language-conditioned RL","25","Towards Language-Augmented Multi-Agent Deep RL","Maxime Toquebiau, Nicolas Bredeche (Sorbonne / ISIR)","ECAI 2025","2025-06-05","Train MARL agents to act AND produce/interpret human-defined NL descriptions of observations; language grounding for comm + representation learning","— (cooperative multi-agent tasks)","Task performance; representation quality; partner generalization","Human-defined language as a grounding signal that doubles as a comm protocol + representation objective","— (outperforms emergent-comm baselines; no numbers in abstract)","https://arxiv.org/abs/2506.05236","—","Emergent-communication MARL","MARL actors + language production/interpretation heads","Recent multi-agent+language recipe; grounding crowd-level comm in human command vocab","Compare to emergent-comm on performance, partner generalization, human-agent interaction","Coordination","na","no","yes","no","other"
"3. Language-conditioned RL","26","Improving Multimodal Interactive Agents with RL from Human Feedback","Josh Abramson, Arun Ahuja et al. (DeepMind Interactive Agents)","arXiv (DeepMind)","2022-11-21","RLHF for embodied, language-instructable agents in a 3D world; an Inter-temporal Bradley-Terry (IBT) reward model captures moment-to-moment progress","Simulated 3D 'Playhouse' with language-instructed tasks","Automated metrics + human judgment","RLHF (with a temporal reward model) for multimodal language-conditioned embodied agents, no programmatic rewards","— (improved on all metrics vs imitation; no numbers in abstract)","https://arxiv.org/abs/2211.11602","—","Imitation (behavioural-cloning) agents","Multimodal agent + IBT reward model","RLHF-for-control: shaping a language-instructed agent from human preference; coach-mode feedback","Reward model from human progress annotations; RL-optimize; live human judgment","Executor","yes","no","no","no","other"
"4. Datasets (command / coaching)","27","TextStarCraft II: Large Language Models Play StarCraft II (Chain of Summarization)","Weiyu Ma et al.","NeurIPS 2024 (per refs; arXiv)","2023-12-19","Text wrapper on SC2 (python-sc2): Observation-to-Text + Text-to-Action adapters; LLM agents play full games vs built-in AI","Interactive SC2 env + 5 knowledge-probe categories; text in/out","Win rate vs built-in AI (6 levels); human strategy assessment","First benchmark of LLMs as real-time SC2 commanders via pure NL; Chain-of-Summarization for long-horizon observation compression","GPT-3.5-16k vs Zerg AI: VeryEasy 8/8, Easy 9/9, Medium 8/8, Hard 21/25, Harder 7/14, VeryHard 0/12","https://arxiv.org/abs/2312.11865","https://github.com/histmeisah/Large-Language-Models-play-StarCraftII","Prompt variants + Chain-of-Summarization","GPT-3.5/4, ChatGLM2-6B, Llama2-7B, Claude2, Bard","CLOSEST analogue: free-form text commands -> SC2 macro actions at game speed; adapter design is a direct reference","Win-rate vs built-in AI per difficulty; human knowledge eval","Dataset","yes","yes","yes","no","game-units"
"4. Datasets (command / coaching)","28","TacticCraft: Natural Language-Driven Tactical Adaptation for StarCraft II","Weiyu Ma","arXiv","2025-07-21","Adapter modules on each action head conditioned on a 'tactical tensor' of strategic preferences; KL constraints preserve base competence","— (method, not a sized corpus)","— (qualitative behaviour modulation)","Targets ABSTRACT tactical intent ('be aggressive', 'expand', 'tech up') -> coach-mode steering of a frozen SC2 policy","—","https://arxiv.org/abs/2507.15618","—","—","SC2 RL agent + per-action-head adapters","Maps directly onto our 'abstract intent / focus on defense' for a crowd-controlling SC2 policy","Behavioural eval across tactical dimensions while checking skill retention","Command","yes","yes","yes","no","game-units"
"4. Datasets (command / coaching)","29","SC2EGSet: StarCraft II Esport Replay and Game-state Dataset","Andrzej Bialecki et al.","Scientific Data (Nature) 2023","2022-07-07","Parse 55 tournament replaypacks (since 2016) into cleaned per-game game-state; open PyTorch / Lightning loaders","55 replaypacks -> 17,930 game-state files (replay + structured state); no language channel","— (resource paper)","Large, fully parsed, public SC2 esport dataset aligned to game state, with reproducible ML tooling","—","https://arxiv.org/abs/2207.03428","https://github.com/Kaszanas/SC2EGSet_Dataset","—","— (model-agnostic; ships loaders)","Canonical SC2 replay/state substrate to LAYER language commands/commentary onto","— (provides loaders, not a scored task)","Dataset","no","na","yes","no","na"
"4. Datasets (command / coaching)","30","Game-MUG: Multimodal Game Situation Understanding and Commentary Generation Dataset","Zhihao Zhang et al.","arXiv","2024-04-30","Collect LoL live streams (2020-2022) pairing match event logs, caster transcripts, and audience chat; joint multimodal dual-learning model","70k clips + transcripts; 3.7M audience chats; 45 streams; 216 matches; 15k events; 3 leagues","Commentary quality (BLEU/ROUGE family); situation/event accuracy","Aligns caster commentary AND live audience chat to discrete in-game events on a shared timeline","— (numbers not on abstract; PDF unparseable)","https://arxiv.org/abs/2404.19175","—","Joint multimodal dual-learning model","Multimodal (event-log + audio + text)","Coaching/commentary analogue: NL time-aligned to game events (MOBA)","Game-situation/event understanding + commentary generation","Dataset","na","no","yes","no","na"
"4. Datasets (command / coaching)","31","LoL-V2T: Large-Scale Esports Video Description Dataset","Tsunehiko Tanaka, Edgar Simo-Serra (Waseda)","CVPR 2021 Workshops (CVSports)","2021-06","LoL Worlds footage (157 matches) segmented into clips, paired with captions from manual + ASR subtitles","9,723 clips; 62,677 captions; 157 LoL Worlds matches; video + EN captions","Video-captioning metrics (BLEU/METEOR/CIDEr)","Largest video-game video-description dataset at release; jargon-heavy vocab + event-to-commentary temporal lag","— (no SOTA numbers on page)","https://tsunehiko.github.io/lol-v2t/","https://github.com/Tsunehiko/lol-v2t","— (existing video captioners)","Standard video-captioning models","Gameplay video -> NL; the event-to-caption LAG is the same alignment problem we face","Video-captioning eval on held-out captions; splits provided","Dataset","na","no","yes","no","na"
"4. Datasets (command / coaching)","32","SCBench: A Sports Commentary Benchmark for Video LLMs","Kuangzhi Ge et al. (Peking Univ.)","arXiv","2024-12","Short clips across 6 sports, each with professional EN commentary + 6 semantic dimension labels; GPT-based multi-dimensional scoring","5,775 clips (4,908 train / 867 test); 6 sports; avg 14.5 s; video + timestamped commentary","SCORES: 6 dims incl. Tactical Analysis, Match-Situation Interpretation","First benchmark to evaluate Video LLMs on professional sports commentary, with an explicit TACTICAL-ANALYSIS dimension","— (relative model rankings; no single SOTA number)","https://arxiv.org/abs/2412.17637","—","8 zero-shot Video LLMs (VILA, Video-LLaVA, LongVA, LLaVA-NeXT-Video, Kangaroo, Chat-UniVi-1.5, InternVL-Chat-2, Mini-InternVL)","Same 8 Video LLMs","'Tactical Analysis' / 'Match Situation' dims = coach-mode language; a template for scoring commentary outputs","GPT-based scoring on 6 SCORES dimensions vs ground-truth","Dataset","na","no","na","no","na"
"4. Datasets (command / coaching)","33","GOAL: Knowledge-grounded Video Captioning for Real-time Soccer Commentary Generation","Ji Qi et al. (THU-KEG, Tsinghua)","ACM CIKM 2023","2023-03","Knowledge-Grounded Video Captioning from soccer broadcast clips, pairing each clip with commentary + a background knowledge base of triples","8,900+ soccer clips; 22k sentences; 42k knowledge triples; video + text + triples","Video-captioning metrics (BLEU/METEOR/ROUGE/CIDEr)","Knowledge-grounded commentary: caption must reason over an external knowledge graph, not just describe pixels; targets real-time","— (per-model numbers not extracted)","https://arxiv.org/abs/2303.14655","https://github.com/THU-KEG/goal","KG-grounded vs standard captioners","Multimodal captioners adapted for KGVC","Knowledge-grounding matches our need to tie language to domain facts (unit/ability/map knowledge)","Caption-quality vs ground-truth with knowledge triples","Dataset","na","yes","yes","no","na"
"4. Datasets (command / coaching)","34","VC_NBA_2022: Knowledge Guided Entity-aware Video Captioning (Basketball Benchmark)","Zeyu Xi et al.","arXiv (later Neurocomputing)","2024-01-25","Build a basketball knowledge graph (KG_NBA_2022), then a captioning dataset; an entity-aware captioner conditions on a candidate-player list","9 fine-grained shooting-event types; 286 players' knowledge; video + entity knowledge + captions","Video-captioning metrics (list not on abstract)","Entity-aware sports commentary: text must name the correct specific players + fine-grained actions","— (outperforms advanced captioners; specific numbers not on abstract)","https://arxiv.org/abs/2401.13888","—","Advanced video captioners (not named)","KEANet / Entity-Aware Captioner","Entity-aware generation parallels referring to specific units/groups when commanding/narrating a crowd","Entity-aware captioning vs ground-truth; player-identity correctness","Dataset","na","no","yes","no","na"
"4. Datasets (command / coaching)","35","MineDojo: Building Open-Ended Embodied Agents with Internet-Scale Knowledge","Jim Fan, Guanzhi Wang et al. (NVIDIA / Caltech / Stanford)","NeurIPS 2022 D&B (Outstanding Paper)","2022-06","Minecraft agent framework + internet knowledge; MineCLIP (video-text contrastive on time-aligned YouTube narration) is a learned language-conditioned reward","730k+ narrated YouTube videos (2.2B words); ~7k wiki; 340k Reddit; 1000s language-prompted tasks","Task success; MineCLIP-reward correlation","Internet-scale time-aligned language<->video grounding -> follow free-form NL tasks without hand-designed dense rewards","— (MineCLIP-reward agents solve diverse tasks; rates not extracted)","https://arxiv.org/abs/2206.08853","https://github.com/MineDojo/MineDojo","Manually-shaped reward vs learned MineCLIP reward","MineCLIP + RL agents","Strongest large-scale precedent for grounding free-form language via time-aligned text; model for mining language<->action pairs from replays+commentary","Programmatic + learned-reward eval on the language-prompted task suite","Dataset","yes","no","no","no","game-units"
"4. Datasets (command / coaching)","36","IGLU / IDAT: Interactive Grounded Language Understanding in a Collaborative Environment","Julia Kiseleva et al. (comp.); Shrestha Mohanty et al. (IDAT) (Microsoft Research)","NeurIPS 2021/2022 Competition; IDAT arXiv 2024","2021-10-13","Architect issues NL building instructions (with clarification questions); Builder executes block placements; each instruction logged with action states","Full set: 8,136 instruction-action pairs; 1,056 clarification cases (~9,000 utterances); 11x11x9 voxel; 230 annotators","Structure-completion success; human-in-the-loop eval","Pairs NL instructions (+ clarification dialogue) with grounded DISCRETE construction actions, incl. ambiguous/abstract intent","— (competition; scores vary by entrant)","https://arxiv.org/abs/2110.06536","https://www.iglu-contest.net/","Competition baseline agents","Instruction-following / clarification agents","Closest 'NL -> discrete agent actions' with ambiguous-intent clarification; architect/builder mirrors commander/crowd","Human-in-the-loop + automatic structure-match; instruction<->block-placement logs","Dataset","yes","no","no","no","other"
"4. Datasets (command / coaching)","37","CrafText: Instruction-following Benchmark over Crafter (partially verified)","(authors not confirmed)","arXiv","2025","NL-instruction tasks over the Crafter env across Localization / Conditional / Building / Achievement task types","~3,924 NL instructions over Crafter (size confirmed from abstract; metrics/baselines NOT verified)","— (not confirmed)","Synthetic instruction->action benchmark complementing BabyAI/Crafter with richer language","—","https://arxiv.org/abs/2505.11962","—","— (not confirmed)","—","Synthetic command->action complement; FLAGGED partially verified — re-check metrics/baselines before citing","— (not confirmed)","Dataset","yes","no","no","no","other"
"5. Real-time / streaming motion","38","MotionStreamer: Streaming Motion Generation via Diffusion-based Autoregressive Model in Causal Latent Space","Lixing Xiao et al. (ZJU)","ICCV 2025","2025-03-19","Causal Temporal AutoEncoder (1D causal convs, downsample 4) into a continuous causal latent; 12-layer AR Transformer + diffusion head predicts next latents online","HumanML3D, BABEL (272-dim SMPL-6D representation)","FID, R-Precision, MM-Dist, Diversity, first-frame latency","Continuous (non-discretized) causal latents cut info loss + error accumulation; enables streaming generation","HumanML3D FID 10.724 (272-dim protocol); R@1 0.631 / R@3 0.851; Causal TAE lowest first-frame latency (no ms/FPS in tables)","https://arxiv.org/abs/2503.15451","https://github.com/zju3dv/MotionStreamer","MDM, MLD, T2M-GPT, MotionGPT, MoMask, AttT2M, FlowMDM","Causal TAE + diffusion-head AR Transformer; T5-XXL text","Streaming/online text-to-motion (your named paper); the causal-latent design","Quantitative FID/R@k on HumanML3D + first-frame latency","Executor","yes","yes","no","yes","full-body-motion"
"5. Real-time / streaming motion","39","MotionBricks: Scalable Real-Time Motions with Modular Latent Generative Model and Smart Primitives","Tingwu Wang et al. (+15 incl. Xue Bin Peng) (NVIDIA / NVlabs)","SIGGRAPH 2026 / ACM ToG","2026-04-27","Large modular latent generative backbone trained on 350k+ clips in one model; 'smart primitives' give a plug-and-play velocity/heading/style command interface, no retraining","350,000+ motion clips (open-source + proprietary)","Motion quality (SOTA claim); throughput (FPS); latency","Real-time scalable generation + a smart-primitives authoring interface; one unified backbone for 350k+ skills","~15,000 FPS at ~2 ms latency from one model; demoed on Unitree G1 humanoid","https://arxiv.org/abs/2604.24833","— (nvlabs.github.io/motionbricks)","— (SOTA claim; no baseline list in abstract)","Modular latent generative model + smart-primitive interface","Your named paper; the real-time + crowd-skill scaling angle for embodiment","— (needs full paper)","Executor","no","yes","no","yes","full-body-motion"
"5. Real-time / streaming motion","40","MoMask: Generative Masked Modeling of 3D Human Motions","Chuan Guo et al. (incl. Li Cheng, Univ. Alberta Vision & Learning Lab)","CVPR 2024","2023-11-29","Hierarchical residual VQ tokens generated by a bidirectional masked transformer (base) + a residual transformer; iterative parallel token prediction","HumanML3D, KIT-ML","FID, R-Precision, MM-Dist, inference time","Residual/hierarchical quantization + generative masked modeling for high-fidelity editable text-to-motion; parallel (non-AR) decoding","HumanML3D FID 0.045 (vs 0.141 T2M-GPT); KIT-ML FID 0.228 (vs 0.514); ~0.081 s/motion","https://arxiv.org/abs/2312.00063","https://github.com/EricGuo5513/momask-codes","T2M-GPT, MDM, MLD, T2M","Residual VQ-VAE + Masked + Residual Transformer; CLIP","LI CHENG (supervisor) is a co-author; near-real-time parallel decoding","Quantitative metrics on HumanML3D/KIT-ML vs token + diffusion baselines","Executor","yes","no","no","yes","full-body-motion"
"5. Real-time / streaming motion","41","MotionLCM: Real-time Controllable Motion Generation via Latent Consistency Model","Wenxun Dai et al.","ECCV 2024","2024-04-30","Distill a motion latent diffusion model into a latent consistency model for 1-4 step inference; motion ControlNet in latent space","HumanML3D","FID, R-Precision (Top-3), AITS (avg inference time)","First latent-consistency formulation for motion -> controllable text-to-motion in real time with one-step sampling","1-step AITS 0.030 s (>30 FPS); 1929x faster than OmniControl, 13x faster than MLD; 1-step FID 0.467, R-Prec 0.803","https://arxiv.org/abs/2404.19759","https://github.com/Dai-Wenxun/MotionLCM","MLD, MotionDiffuse, MDM, T2M, TEMOS, OmniControl","VAE latent + latent consistency model + motion ControlNet","Explicitly real-time (one-step); strongest 'language-conditioned motion under a compute budget' reference","FID/R-Prec on HumanML3D + runtime (AITS) vs diffusion baselines","Executor","yes","yes","no","yes","full-body-motion"
"5. Real-time / streaming motion","42","DartControl (DART): A Diffusion-Based Autoregressive Motion Model for Real-Time Text-Driven Motion Control","Kaifeng Zhao et al. (ETH Zurich)","ICLR 2025","2024-10-07","Compact latent motion-primitive space conditioned on motion history + text; autoregressively denoise primitives (10 steps) for online streaming; spatial goals via latent optimization or RL","BABEL, HumanML3D, AMASS","FID (segment/transition), R-Precision, FPS/latency, human preference","Real-time ONLINE text-driven motion control combining AR motion primitives + latent diffusion; streaming text + spatial constraints without paired data","300 FPS on one RTX 4090 (240 FPS w/ RL); first-frame latency 0.02 s; ~10x faster than FlowMDM; segment FID 3.79 (vs 5.81)","https://arxiv.org/abs/2410.05260","https://github.com/zkf1997/DART","FlowMDM, TEACH, DoubleTake, T2M-GPT, DNO, OmniControl, GAMMA","VAE primitive compression + latent diffusion (DDIM 10) + CLIP","Real-time AND streaming (online text stream); closest match to 'streaming AR text-to-motion under latency'","Composition/in-between benchmarks + runtime + human preference","Executor","yes","yes","no","yes","full-body-motion"
"5. Real-time / streaming motion","43","T2M-GPT: Generating Human Motion from Textual Descriptions with Discrete Representations","Jianrong Zhang et al.","CVPR 2023","2023-01-15","CNN VQ-VAE discretizes motion into tokens (EMA + code reset); a GPT transformer autoregressively generates tokens from text","HumanML3D, KIT-ML","FID, R-Precision","Shows a simple discrete-token VQ-VAE + GPT pipeline beats contemporaneous diffusion methods","HumanML3D FID 0.116 (vs MotionDiffuse 0.630); R-Precision comparable to best","https://arxiv.org/abs/2301.06052","https://github.com/Mael-zys/T2M-GPT","MotionDiffuse, MDM, TM2T","CNN VQ-VAE + GPT; CLIP","Seminal AR token-based motion model; the lineage MotionStreamer/MotionGPT build on","FID/R-Precision on HumanML3D + KIT-ML","Executor","yes","no","no","no","full-body-motion"
"5. Real-time / streaming motion","44","MotionGPT: Human Motion as a Foreign Language","Biao Jiang et al. (Fudan / Tencent)","NeurIPS 2023","2023-06-26","VQ-VAE motion tokens + a unified motion-language model (T5) on mixed motion-text data; instruction/prompt-based QA across tasks","HumanML3D, KIT-ML","FID, R-Precision, captioning metrics","Treats motion as a language modality in one LLM, unifying generation, captioning, prediction, in-betweening","— (SOTA across tasks; per-task numbers not extracted)","https://arxiv.org/abs/2306.14795","https://github.com/OpenMotionLab/MotionGPT","T2M-GPT, MDM, MLD, TM2T","VQ-VAE tokenizer + T5","Discrete-token LLM-style motion model; 'command-as-language' framing aligns with our NL spine","Multi-task eval on HumanML3D/KIT-ML","Executor","yes","no","no","no","full-body-motion"
"5. Real-time / streaming motion","45","CrowdMoGen: Event-Driven Collective Human Motion Generation (Zero-Shot Text-Driven Collective Motion)","Yukang Cao et al. (NTU S-Lab)","IJCV 2025","2024-07-08","Two-stage zero-shot: an LLM Crowd Scene Planner groups individuals + assigns event-aligned plans; a transformer Collective Motion Generator (SMPL priors) synthesizes the crowd","— (zero-shot; no standard training table)","— (qualitative + user study)","First zero-shot framework for COLLECTIVE/CROWD motion from text — multi-person interaction, large-scale dynamics, scene arrangement","— (three crowd-motion types demoed; no numbers)","https://arxiv.org/abs/2407.06188","https://github.com/gxinying/CrowdMoGen","— (zero-shot)","Pre-trained LLM (planning) + transformer crowd generator (SMPL)","SINGLE most on-theme for crowd-motion embodiment; explicitly motivated by games + urban sim","Qualitative crowd scenarios; LLM-planned scene coherence","Coordination","yes","no","yes","no","full-body-motion"
"5. Real-time / streaming motion","46","Towards Open Domain Text-Driven Synthesis of Multi-Person Motions","Mengyi Shan et al.","ECCV 2024","2024-05-28","MDM-style transformer diffusion with interleaved pose/motion layers; trained jointly on heterogeneous + 2 new pseudo-labeled datasets for variable-count multi-person motion","LAION-Pose (8M, new), WebVid-Motion (3,500, new), HumanML3D, InterHuman","Pose/Motion FID, R-Precision, Diversity","First open-domain text-to-MULTI-PERSON motion; scales beyond fixed two-person setups via web-mined supervision","Up to 61 frames / 10 subjects; Pose FID 1.329, Motion FID 1.220, Pose R-Prec@1 0.539","https://arxiv.org/abs/2405.18483","https://github.com/shanmy/Multi-Motion","RIG, InterGen, ComMDM","Transformer (MDM-based), interleaved pose+motion, CLIP","Multi-character (up to 10, any count) text-driven — complements CrowdMoGen on the crowd axis","Pose/Motion FID + R-Precision vs multi-person baselines","Coordination","yes","no","yes","no","full-body-motion"
"5. Real-time / streaming motion","47","Light-T2M: A Lightweight and Fast Model for Text-to-Motion Generation","Ling-An Zeng et al. (Sun Yat-sen Univ.)","AAAI 2025","2024-12-15","Diffusion text-to-motion combining lightweight convolutions (local) + Mamba state-space blocks (global) + an Adaptive Textual Information Injector","HumanML3D, KIT-ML","FID, R-Precision, MM-Dist, inference time, param count","Extreme parameter/compute efficiency: ~10% of MoMask's params while improving quality + speed","4.48M params (vs 44.85M MoMask); 0.152 s/sample (vs 0.180 s); HumanML3D FID 0.040; KIT-ML FID 0.161","https://arxiv.org/abs/2412.11193","https://github.com/qinghuannn/light-t2m","MoMask, T2M-GPT, MotionDiffuse, ReMoDiffuse","Lightweight CNN + Mamba (SSM); adaptive text injector","Language-conditioned motion under a compute/memory budget — fits our latency/memory framing","FID/R-Prec on HumanML3D/KIT-ML + params + wall-clock","Executor","yes","no","no","yes","full-body-motion"
"6. Language-conditioned MARL / coordination","48","Feudal Multi-Agent Hierarchies for Cooperative Reinforcement Learning","Sanjeevan Ahilan, Peter Dayan (Gatsby / MPI)","arXiv (ALA 2019 workshop)","2019-01-24","A 'manager' learns to communicate subgoals (messages defining worker reward functions) to multiple workers acting simultaneously","Cooperative gridworld / particle tasks","—","Feudal hierarchy for cooperative MARL: a high-level commander sets per-worker goals via communication, reducing non-stationarity","— (scales better than shared-reward cooperative baselines)","https://arxiv.org/abs/1901.08492","—","Shared-reward cooperative approaches","Deep RL (no LLM)","Seminal commander->many-workers goal-setting hierarchy; the pattern we generalize to language","Reward + scaling vs shared-reward baselines","Coordination","no","no","yes","no","other"
"6. Language-conditioned MARL / coordination","49","Hierarchical reinforcement learning with natural language subgoals","Arun Ahuja et al. (DeepMind / NYU)","arXiv","2023-09-20","A high-level policy issues natural-language subgoals to a low-level policy in a 3D embodied env; subgoal space softly supervised by human data","3D embodied env (Playroom-style)","Task success","Unconstrained natural language as the high-level->low-level subgoal interface, parameterized from human data (not a fixed goal set)","— (beats BC and HRL-from-scratch)","https://arxiv.org/abs/2309.11564","—","Behavioral cloning; HRL from scratch","High-/low-level neural policies","Direct model for 'abstract language command -> low-level execution' (single-agent)","vs BC + unsupervised-HRL on long-range embodied tasks","Executor","yes","no","no","no","other"
"6. Language-conditioned MARL / coordination","50","Hierarchical Multi-Agent Skill Discovery (HMASD)","Mingyu Yang et al. (USTC)","NeurIPS 2023","2023","Two-level: a transformer 'skill coordinator' assigns one team skill + per-agent skills; a low-level 'skill discoverer' picks actions conditioned on the skill","Sparse-reward MARL benchmarks (SMAC-class)","Win rate / return","Jointly discovers team-level + individual skills, coordinated by a transformer high-level controller (a learned commander)","— (significant gains over strong MARL baselines)","https://proceedings.neurips.cc/paper_files/paper/2023/hash/c276c3303c0723c83a43b95a44a1fcbf-Abstract-Conference.html","—","Strong MARL baselines (QMIX-class)","Transformer high-level skill coordinator","Closest RL-native analogue of a commander assigning coordinated goals to many agents","vs MARL baselines on sparse-reward cooperative tasks","Coordination","no","no","yes","no","game-units"
"6. Language-conditioned MARL / coordination","51","Language Instructed Reinforcement Learning for Human-AI Coordination (instructRL)","Hengyuan Hu, Dorsa Sadigh (Stanford)","ICML 2023","2023-04-13","A pretrained LLM generates a prior policy from a human NL instruction; the prior regularizes the RL objective toward a human-preferred equilibrium","Hanabi; a matrix coordination env","Human-AI coordination score (human eval)","Natural-language instruction selects among multiple equilibria in cooperative RL — language steers which convention agents adopt","— (language significantly boosts human-AI coordination in Hanabi)","https://arxiv.org/abs/2304.07297","—","RL without language prior","Pretrained LLM as policy prior","Language as the lever to align coordination with the commander's intent","Self-play + human eval on Hanabi","Coordination","yes","no","yes","no","other"
"6. Language-conditioned MARL / coordination","52","SwarmBrain: Embodied agent for real-time strategy game StarCraft II via LLMs","Xiao Shao et al.","arXiv","2024-01-31","Two-tier: an LLM 'Overmind' sets macro strategy; a 'Swarm ReflexNet' state machine handles low-latency unit tactics, compensating for LLM latency","StarCraft II (Zerg vs built-in Terran)","Win rate vs built-in AI","LLM-orchestrated macro command + reactive reflex layer for a real-time RTS, engineered around the LLM latency tradeoff","Victories across difficulties (secondary source: 100% to Medium-Hard, 76% Hard — UNCONFIRMED on primary page)","https://arxiv.org/abs/2401.17749","https://github.com/ramsayxiaoshao/SwarmBrain","Built-in SC2 AI ladder","gpt-3.5-turbo (Overmind)","Direct precedent: high-level intent -> coordinated army in real-time RTS under LLM latency","Live matches vs built-in AI at multiple difficulties","Coordination","na","yes","yes","yes","game-units"
"6. Language-conditioned MARL / coordination","53","LLM-PySC2: StarCraft II Learning Environment for Large Language Models","Zongyuan Li et al. (NKAI Decision Team)","arXiv","2024-11-08","Env exposing the full pysc2 action space to LLM agents (multimodal obs + game-wiki knowledge); native multi-agent via an async query architecture keeping latency consistent with population size","StarCraft II / pysc2; SMAC + new macro/micro scenarios","Decision performance (macro/micro)","First env giving LLMs the complete pysc2 action space with native multi-agent control; async design targets real-time scalability","— (LLMs show potential but struggle with hallucinations + inefficient collaboration without instructions)","https://arxiv.org/abs/2411.05348","https://github.com/NKAI-Decision-Team/LLM-PySC2","Traditional SMAC tasks","Pretrained LLMs","Multi-agent LLM commander testbed with explicit latency-vs-scale handling — near-exact Phase-1 wedge (already vendored in our bench repo)","Macro-decision + micro-operation SC2 scenarios, multi-agent","Coordination","na","yes","yes","yes","game-units"
"6. Language-conditioned MARL / coordination","54","ICCO: Learning an Instruction-conditioned Coordinator for Language-guided Task-aligned Multi-robot Control","Yoshiki Yano et al. (NAIST)","IROS 2025","2025-03-15","MARL with one Coordinator + multiple Local Agents; the Coordinator fuses instruction + state into Task-Aligned Consistent Instructions, trained with a task+adherence reward + a mutual-information consistency term","Sim + real multi-robot","Task efficiency; instruction adherence","A learned instruction-conditioned coordinator between one language command and many robots, enforcing task-alignment + consistency","—","https://arxiv.org/abs/2503.12122","— (yanoyoshiki.github.io/ICCO)","—","MARL policies (no LLM backbone stated)","Centralized-command / decentralized-execution with language — the single-command -> coordinated many-agent interface","Sim + real-world multi-robot experiments","Coordination","yes","no","yes","no","robot"
"6. Language-conditioned MARL / coordination","55","Language-Driven Coordination and Learning in Multi-Agent Simulation Environments (LLM-MARL)","Zhengyang Li et al.","arXiv","2025-06-01","Integrate LLMs into MARL via Coordinator (subgoals), Communicator (symbolic messaging), Memory (episodic recall); PPO + a language-conditioned loss + LLM-query gating","Google Research Football, MAgent Battle, StarCraft II","Win rate; coordination score; zero-shot generalization","Unified LLM-MARL stack: LLM subgoals + symbolic comm drive coordination; gating limits costly LLM queries (real-time)","— (consistent improvements over MAPPO and QMIX)","https://arxiv.org/abs/2506.04251","—","MAPPO, QMIX","LLM + PPO policies","Coordinator issues subgoals to many agents on RTS-style benchmarks incl. SC2 + MAgent (large populations)","Win rate / coordination / zero-shot vs MAPPO + QMIX","Coordination","na","yes","yes","yes","game-units"
"6. Language-conditioned MARL / coordination","56","SMAC-Talk: A Natural Language Extension of the StarCraft Multi-Agent Challenge for LLMs","Sol & Najjaran","arXiv","2026-06-02","Adds a natural-language communication channel over SMAC, with an embedded deceptive communicator; benchmarks LLM agents","SMAC + NL comm channel","— (SMAC win/return + comm robustness)","NL-MARL StarCraft benchmark with a deceptive-communication element","—","https://arxiv.org/abs/2606.04202","—","—","Qwen-family models","A 2026 NL-MARL StarCraft benchmark — directly our command-of-units-via-language setting","SMAC tasks with a natural-language channel","Coordination","yes","no","yes","no","game-units"
"7. Controllable / steerable generative motion","57","OmniControl: Control Any Joint at Any Time for Human Motion Generation","Yiming Xie et al. (Northeastern)","ICLR 2024","2023-10-12","Text-conditioned motion diffusion + analytic spatial guidance + a ControlNet-style realism branch enforcing arbitrary joint constraints","HumanML3D, KIT-ML","FID, R-Precision, foot-skating, control error (cm)","First single model to accept flexible spatial control over ANY joint at ANY time (not just pelvis)","~FID 0.218, avg error ~3.38 cm (pelvis, via TLControl comparison); ~1.6 FPS (slow)","https://arxiv.org/abs/2310.08580","https://github.com/neu-vi/OmniControl","MDM, PriorMDM, GMD","Diffusion (MDM) + ControlNet-like spatial guidance","Steered by spatial keypoint constraints on any joint subset at any time","HumanML3D/KIT-ML FID/R-Prec + per-joint error + ablations","Executor","yes","no","no","yes","full-body-motion"
"7. Controllable / steerable generative motion","58","Guided Motion Diffusion for Controllable Human Motion Synthesis (GMD)","Korrawe Karunratanakul et al. (ETH Zurich)","ICCV 2023","2023-05-21","Motion diffusion with feature-projection + dense-guidance turning sparse keyframe/trajectory signals into dense guidance","HumanML3D","FID, R-Precision, control error","Feature projection coupling spatial info with poses + dense guidance for reliable sparse-constraint satisfaction","— (improves over T2M SOTA while enabling spatial control; ~1.8 FPS)","https://arxiv.org/abs/2305.12577","https://github.com/korrawe/guided-motion-diffusion","MDM, prior diffusion T2M","Diffusion over root trajectory + motion, guidance","Steered by global trajectory, sparse keyframes, obstacle/goal functions","HumanML3D FID/R-Prec + task-specific control error","Executor","yes","no","no","yes","full-body-motion"
"7. Controllable / steerable generative motion","59","TLControl: Trajectory and Language Control for Human Motion Synthesis","Weilin Wan et al. (HKU / UPenn)","ECCV 2024","2023-11-28","Body-part VQ-VAE latent + a Masked Trajectories Transformer for coarse estimation, then test-time optimization to refine to exact trajectories","HumanML3D, KIT-ML","FID, R-Precision, control error (cm), FPS","Joint low-level trajectory + high-level language control via hybrid neural+optimization; precise multi-joint control at interactive speed","Pelvis FID 0.271, avg error 1.08 cm (vs OmniControl 3.38); runs 61.7 FPS (~38x faster)","https://arxiv.org/abs/2311.17135","https://tlcontrol.weilinwl.com/","OmniControl, GMD, PriorMDM, MDM","VQ-VAE + Masked Trajectories Transformer + optimization","Steered by partial multi-joint trajectories + text; REAL-TIME (61.7 FPS)","HumanML3D/KIT-ML realism + control error + runtime","Executor","yes","yes","no","yes","full-body-motion"
"7. Controllable / steerable generative motion","60","Generating Human Interaction Motions in Scenes with Text Control (TeSMo)","Hongwei Yi et al. (NVIDIA / MPI)","ECCV 2024","2024-04-16","Two-stage diffusion: a scene-agnostic goal-reaching text-to-motion model, then a scene-aware branch fine-tuned with floor + object geometry","AMASS-derived + scene-augmented (navigation + sitting)","—","Brings text controllability + scene/object awareness into kinematic motion diffusion","— (diverse plausible human-scene interactions; no numbers in abstract)","https://arxiv.org/abs/2404.10685","https://github.com/nv-tlabs/tesmo","— (TRUMANS/LINGO-class per related work)","Diffusion (scene-agnostic base + scene-aware branch)","Steered by text + start/goal positions + scene geometry","— (qualitative; protocol not in abstract)","Executor","yes","no","no","no","full-body-motion"
"7. Controllable / steerable generative motion","61","Flexible Motion In-betweening with Diffusion Models (CondMDI)","Setareh Cohan et al. (UBC; van de Panne)","SIGGRAPH 2024","2024-05-17","Masked conditional motion diffusion trained on random keyframes + random joints, with an observed-keyframe mask; guidance + imputation at inference","HumanML3D","—","One unified model handling arbitrary dense-or-sparse keyframe placement + PARTIAL per-joint keyframe constraints, jointly with text","— (precise diverse motions to flexible keyframes)","https://arxiv.org/abs/2405.11126","https://github.com/setarehc/diffusion-motion-inbetweening","— (prior in-betweening/imputation diffusion)","Masked conditional diffusion","Steered by keyframes (dense/sparse), partial per-joint constraints, text","HumanML3D keyframe-conditioned; guidance vs imputation","Executor","yes","no","no","no","full-body-motion"
"7. Controllable / steerable generative motion","62","Motion Synthesis with Sparse and Flexible Keyjoint Control (SFControl)","Inwoo Hwang et al. (Seoul National Univ.)","ICCV 2025","2025-03-18","Decomposed diffusion: synthesize keyjoint trajectories from sparse signals, then full-body motion from the completed keyjoints","— (multiple motion datasets)","—","TIME-AGNOSTIC sparse-keyjoint control (no frame-specific timing annotations) — animator-friendly","—","https://arxiv.org/abs/2503.15557","http://inwoohwang.me/SFControl","— (OmniControl-style dense control as motivation)","Two-stage diffusion (keyjoint -> full body)","Steered by sparse keyjoint positions without timing — more flexible than dense trajectories","— (experiments across datasets; protocol not in abstract)","Executor","no","no","no","no","full-body-motion"
"7. Controllable / steerable generative motion","63","SMooDi: Stylized Motion Diffusion Model","Lei Zhong et al. (Northeastern)","ECCV 2024","2024-07-17","Adapt a pretrained text-to-motion diffusion model for stylization via style guidance + a lightweight style adaptor steering toward a reference style","HumanML3D (content) + 100STYLE (style)","FID, R-Precision, SRA (style accuracy), foot-skating","Jointly generates across broad CONTENT (text) and diverse STYLE (reference) in one diffusion model","Stylized T2M FID 1.609 (vs 6.127 MLD+Motion Puzzle); SRA 72.42% (vs 63.77%)","https://arxiv.org/abs/2407.12783","https://github.com/neu-vi/SMooDi","MLD+Motion Puzzle, MLD+Aberman, ChatGPT+MLD","Latent diffusion (MLD) + style adaptor + style guidance","Steered by content text + a reference style sequence — style control (relevant to abstract 'look menacing')","HumanML3D+100STYLE: content (R-Prec), style (SRA), realism (FID)","Executor","yes","no","no","no","full-body-motion"
"7. Controllable / steerable generative motion","64","Taming Diffusion Probabilistic Models for Character Control (CAMDM)","Rui Chen et al. (Tencent AI Lab; Komura, Tan)","SIGGRAPH 2024","2024-04-23","A transformer Conditional Autoregressive Motion Diffusion Model: given motion history + coarse user control, generate diverse future motion in real time","— (diverse locomotion mocap)","—","First diffusion model for REAL-TIME interactive character control from high-level user input; one unified multi-style model","— (real-time, high-quality, diverse, multi-style)","https://arxiv.org/abs/2404.15121","https://github.com/AIGAnimation/CAMDM","—","Autoregressive transformer diffusion (history-conditioned)","Steered ONLINE by joystick-style high-level control (direction/speed) + style — closest to real-time COMMAND of generative motion","— (qualitative real-time control demos)","Executor","no","yes","no","no","full-body-motion"
"8. Crowd behaviour / coordination","65","Text-Guided Synthesis of Crowd Animation","Xuebo Ji et al. (HKU; LightSpeed Studios)","SIGGRAPH 2024","2024-07","LLM canonicalizes a text script into per-group sentences; two conditional latent-diffusion models predict agent start/goal + guiding velocity fields; a local RVO navigator drives the groups","Custom constructively-generated dataset","— (qualitative; 8 environments)","First pipeline for language-guided generation of environment-compatible crowd scenarios with many agents navigating in real time","—","https://dl.acm.org/doi/10.1145/3641519.3657516","https://github.com/MLZG/Text-Crowd","—","Latent diffusion + LLM canonicalization + RVO","CLOSEST crowd analog: language -> real-time group/formation crowd control","Qualitative over 8 environments incl. unseen + novel descriptions","Coordination","yes","yes","yes","no","full-body-motion"
"8. Crowd behaviour / coordination","66","Continuous Locomotive Crowd Behavior Generation (CrowdES)","Inhwan Bae et al. (GIST)","CVPR 2025","2025-04-07","A diffusion 'Crowd Emitter' continually spawns individuals with per-agent attributes; a 'Crowd Simulator' produces long-term locomotion + a Markov chain for diverse actions","Multiple real geographical environments","Scene-level population dynamics + individual trajectory accuracy (proposed benchmark)","Generates continuous, ongoing crowd behaviour (not a snapshot) with heterogeneous, user-controllable agents","—","https://arxiv.org/abs/2504.04756","https://github.com/InhwanBae/CrowdES","—","Diffusion (emitter) + Markov chain","Scene-level controllable crowd generation; continuous-in-time + a realism benchmark","Scene + individual realism benchmark; cross-environment generalization","Coordination","no","no","yes","no","other"
"8. Crowd behaviour / coordination","67","CEDRL: Simulating Diverse Crowds with Example-Driven Deep Reinforcement Learning","Andreas Panayiotou et al. (Univ. Cyprus / CYENS)","Eurographics 2025 (CGF)","2025-05","Deep RL leveraging multiple real crowd datasets, with curriculum (shrinking observation space) + parametric task-typed reward functions to learn diverse abstract behaviours","Multiple real-world crowd datasets","Generalization; a behavioural-complexity metric; vs other simulators","Example-driven multi-dataset RL learning a broad behaviour spectrum without large labels + a complexity metric","—","https://doi.org/10.1111/cgf.70015","https://github.com/veupnea/CEDRL","Other crowd simulators","RL policy with a complexity-weight parameter","RL for crowd BEHAVIOUR (not physics locomotion) — the RL-on-our-turf crowd line; real-time controllability","Seen/unseen real-data comparison + controllability via complexity weight","Coordination","no","yes","yes","no","other"
"8. Crowd behaviour / coordination","68","GREIL-Crowds: Crowd Simulation with Deep Reinforcement Learning and Examples","Panayiotis Charalambous et al. (CYENS / Inria / UPC)","ACM ToG (SIGGRAPH 2023)","2023-08","Deep RL guided by reference crowd data; reward keeps agents in 'comfortable' states defined by distributions (e.g. neighbour spacing) from real crowds","Real crowd data","—","Example-guided RL reward from real-crowd comfort distributions; reproduces goal-seeking, grouping, wandering","—","https://doi.org/10.1145/3592459","—","—","Deep RL (comfort-distribution state)","Foundational data-driven RL crowd-behaviour paper; emergent group coordination from data (predecessor to CEDRL)","Behaviour reproduction vs reference real crowds","Coordination","no","no","yes","no","other"
"8. Crowd behaviour / coordination","69","Gen-C: Populating Virtual Worlds with Generative Crowds","Andreas Panayiotou et al. (CYENS / Clemson)","arXiv (ACM proc.)","2025-04-02","A dual Variational Graph Autoencoder, conditioned on text via LLMs, generates crowd scenarios as time-expanded graphs encoding agent actions + interactions","LLM-bootstrapped scenarios (Campus, Train Station)","—","Generative crowd framework via time-expanded graph + dual-VGAE capturing high-level decisions + interactions, text-conditioned","—","https://arxiv.org/abs/2504.01924","—","—","Dual VGAE + LLM conditioning","Language/text-conditioned scene-level crowd authoring with interaction modelling","Qualitative across diverse scenarios","Coordination","yes","no","yes","no","other"
"8. Crowd behaviour / coordination","70","Emergent Crowds Dynamics from Language-Driven Multi-Agent Interactions","Yibo Liu et al. (Univ. Victoria)","arXiv","2025-08-20","Decentralized agent-based crowd where each agent uses an LLM for dialogue + language-driven navigation from perception, personality, emotion, relationships","—","—","LLM-controlled per-agent dialogue + navigation with personality/emotion conditioning -> emergent grouping/ungrouping","—","https://arxiv.org/abs/2508.15047","—","—","LLMs (per agent)","Language-conditioned DECENTRALIZED crowd coordination; agents negotiate via dialogue","Two scenarios showing emergent grouping/ungrouping","Coordination","na","no","yes","no","other"
"8. Crowd behaviour / coordination","71","CrowdVLA: Embodied Vision-Language-Action Agents for Context-Aware Crowd Simulation","Juyeong Hwang et al.","arXiv","2026-04-07","VLA agents interpret scene semantics from vision + language; a LoRA-fine-tuned VLM maps perception to motion-skill actions with exploration-based QA","—","—","Shifts crowd sim from geometry/collision-avoidance to perception-driven, consequence-aware decision making","—","https://arxiv.org/abs/2604.05525","—","—","Pretrained VLM + LoRA","Language-instructed perception-driven crowd agents; brings the VLA paradigm (cf. Diao's pi0 pointer) into crowds","— (not detailed)","Coordination","yes","no","yes","no","full-body-motion"
"8. Crowd behaviour / coordination","72","Understanding complex crowd dynamics with generative neural simulators (NeCS)","Koen Minartz et al. (TU Eindhoven)","Scientific Reports 2025","2024-12-02","A data-driven Neural Crowd Simulator trained on large real pedestrian data learning N-body interactions; used as a controllable surrogate","Large real-world crowd measurement data","Statistical crowd-dynamics features; pairwise-avoidance validation","Generative neural surrogate giving lab-like controllability at the statistical resolution of real data; recovers many-body avoidance","—","https://arxiv.org/abs/2412.01491","—","Known pairwise-avoidance experimental results","Neural generative simulator","Learned (not rule-based) collective crowd dynamics from data — the generative-simulator angle","Validation vs known statistical/physical crowd features","Coordination","no","no","yes","no","other"
"8. Crowd behaviour / coordination","73","RESCUE: Crowd Evacuation Simulation via Controlling SDM-United Characters","Xiaolin Liu et al. (Tianjin Univ. / Cardiff)","arXiv","2025-07-27","Real-time evacuation coupling a 3D-adaptive Social Force Model decision mechanism with personalized gait/motion control along a sensory-decision-motor pipeline","—","Visual realism; evacuation analysis (part-level force viz)","Unifies crowd-level decision (Social Force) with character-level personalized gait in one real-time system","—","https://arxiv.org/abs/2507.20117","— (cic.tju.edu.cn/.../RESCUE)","—","Social Force Model + personalized gait","Real-time multi-agent crowd coordination at behaviour+motion level (group decision drives individual gait)","Trajectory-planning validation + visual plausibility","Coordination","no","yes","yes","no","full-body-motion"
"9. Text-to-motion foundations","74","Generating Diverse and Natural 3D Human Motions from Text (T2M / HumanML3D)","Chuan Guo et al. (Li Cheng's group, U Alberta)","CVPR 2022","2022-06","Temporal VAE with a text2length module; motion-snippet codes generated progressively from text","HumanML3D (introduced), KIT-ML","R-Precision, FID, MM-Dist, Diversity, MultiModality (suite introduced here)","Introduces HumanML3D (14k+ motions, 45k descriptions) and the metric suite that became the field's standard benchmark","The benchmark and protocol nearly every later text-to-motion paper evaluates on","https://openaccess.thecvf.com/content/CVPR2022/html/Guo_Generating_Diverse_and_Natural_3D_Human_Motions_From_Text_CVPR_2022_paper.html","https://github.com/EricGuo5513/text-to-motion","Seq2seq, Language2Pose, Text2Gesture","Temporal VAE + text2length","Foundations row (added 2026-07-02): grounds the real-time line in theme 5","HumanML3D / KIT-ML protocol (their own, now standard)","Executor","yes","no","no","no","full-body-motion"
"9. Text-to-motion foundations","75","TM2T: Stochastic and Tokenized Modeling for the Reciprocal Generation of 3D Human Motions and Texts","Chuan Guo et al. (Li Cheng's group, U Alberta)","ECCV 2022","2022-07-04","Discretizes motion into VQ tokens; text<->motion treated as two-way neural translation, jointly trained","HumanML3D, KIT-ML","R-Precision, FID, MM-Dist; captioning BLEU/ROUGE","First VQ tokenization of motion for generation - the token-based line (T2M-GPT, MotionGPT, MoMask) starts here","Token-based generation competitive in both directions (text->motion and motion->text)","https://arxiv.org/abs/2207.01696","https://github.com/EricGuo5513/TM2T","Seq2seq, Language2Pose, T2M","Motion VQ-VAE + translation transformer","The discretization Motion BPE presupposes","HumanML3D protocol","Executor","yes","no","no","no","full-body-motion"
"9. Text-to-motion foundations","76","MDM: Human Motion Diffusion Model","Guy Tevet et al.","ICLR 2023","2022-09-29","Classifier-free diffusion transformer over raw motion predicting the clean sample, with geometric losses","HumanML3D, KIT-ML, HumanAct12, UESTC","R-Precision, FID, Diversity","The lightweight diffusion baseline of the field","Quality reference that the real-time distillation line (MotionLCM etc.) accelerates","https://arxiv.org/abs/2209.14916","https://github.com/GuyTevet/motion-diffusion-model","T2M, TEMOS, MotionDiffuse","Transformer denoiser + CLIP text encoder","","HumanML3D protocol","Executor","yes","no","no","no","full-body-motion"
"9. Text-to-motion foundations","77","MotionDiffuse: Text-Driven Human Motion Generation with Diffusion Model","Mingyuan Zhang et al.","arXiv 2022 / TPAMI 2024","2022-08-31","Large diffusion model with cross-modality linear transformer; body-part-level control, arbitrary length","HumanML3D, KIT-ML","R-Precision, FID, MM-Dist, Diversity","First large diffusion text-to-motion model; with MDM, the root of the diffusion branch","Established diffusion-quality text-to-motion at scale","https://arxiv.org/abs/2208.15001","https://github.com/mingyuan-zhang/MotionDiffuse","T2M, Language2Pose","Diffusion + linear transformer","","HumanML3D protocol","Executor","yes","no","no","no","full-body-motion"
"9. Text-to-motion foundations","78","T2M-GPT: Generating Human Motion from Textual Descriptions with Discrete Representations","Jianrong Zhang et al.","CVPR 2023","2023-01-15","VQ-VAE (EMA + code reset) + GPT generating motion-token sequences from CLIP text features","HumanML3D, KIT-ML","R-Precision, FID, MM-Dist, Diversity","The plain tokenize-then-LM recipe matching diffusion quality - the minimal instance of the pipeline Motion BPE extends","Its VQ tokens are the 'raw VQ' baseline in Motion BPE's key ablation","https://arxiv.org/abs/2301.06052","https://github.com/Mael-zys/T2M-GPT","MDM, MotionDiffuse, TM2T, T2M","VQ-VAE + GPT","","HumanML3D protocol","Executor","yes","no","no","no","full-body-motion"
"9. Text-to-motion foundations","79","MotionGPT: Human Motion as a Foreign Language","Biao Jiang et al.","NeurIPS 2023","2023-06-26","Motion VQ tokens folded into a pretrained T5 vocabulary; unified motion-language pretraining + instruction tuning","HumanML3D, KIT-ML","R-Precision, FID; captioning + prediction metrics","One LLM for generation, captioning, and prediction - motion as a 'foreign language'","Motion BPE's named differentiator target: it stops at fixed-length VQ codes, no BPE layer","https://arxiv.org/abs/2306.14795","https://github.com/OpenMotionLab/MotionGPT","T2M-GPT, MDM, TM2T","T5 + motion VQ tokens","","HumanML3D protocol","Executor","yes","no","no","no","full-body-motion"
"9. Text-to-motion foundations","80","MoMask: Generative Masked Modeling of 3D Human Motions","Chuan Guo et al. (Li Cheng's group, U Alberta)","CVPR 2024","2023-11-29","Residual VQ (base + refinement code layers) + masked generative transformer with iterative parallel decoding","HumanML3D, KIT-ML","R-Precision, FID, MM-Dist","High-quality reference on HumanML3D; faster than autoregressive decoding","The plan's named P5 basis ('the MoMask line'); residual VQ is the upgrade path for Motion BPE's tokenizer milestone","https://arxiv.org/abs/2312.00063","https://github.com/EricGuo5513/momask-codes","T2M-GPT, MotionGPT, MDM, MLD","Residual VQ-VAE + masked transformer","","HumanML3D protocol","Executor","yes","no","no","no","full-body-motion"
"9. Text-to-motion foundations","81","TEMOS: Generating Diverse Human Motions from Textual Descriptions","Mathis Petrovich et al.","ECCV 2022","2022-04-25","Transformer VAE with a joint motion-text latent space; SMPL-compatible output","KIT-ML","R-Precision variants, APE/AVE","The main pre-diffusion VAE baseline for diverse text-conditioned generation","Pre-diffusion diversity baseline","https://arxiv.org/abs/2204.14109","https://github.com/Mathux/TEMOS","Language2Pose, JL2P","Transformer VAE","","KIT-ML protocol","Executor","yes","no","no","no","full-body-motion"
